{"files":{"application-dc59495133c2e32e9efa628971497194.js":{"logical_path":"application.js","mtime":"2014-03-09T15:54:42+03:30","size":324429,"digest":"dc59495133c2e32e9efa628971497194"},"application-2098866c3bdd08c16968dd04784349b0.css":{"logical_path":"application.css","mtime":"2014-03-09T15:46:42+03:30","size":106613,"digest":"2098866c3bdd08c16968dd04784349b0"},"bootstrap/glyphicons-halflings-regular-147f3f6e098736e89ffab2c15cfbef06.eot":{"logical_path":"bootstrap/glyphicons-halflings-regular.eot","mtime":"2014-03-08T11:24:44+03:30","size":20335,"digest":"147f3f6e098736e89ffab2c15cfbef06"},"bootstrap/glyphicons-halflings-regular-777bc40741c377d9f064d1ed31041f79.svg":{"logical_path":"bootstrap/glyphicons-halflings-regular.svg","mtime":"2014-03-08T11:24:44+03:30","size":62927,"digest":"777bc40741c377d9f064d1ed31041f79"},"bootstrap/glyphicons-halflings-regular-38ab34013ba10653660d52a9cf85d53e.ttf":{"logical_path":"bootstrap/glyphicons-halflings-regular.ttf","mtime":"2014-03-08T11:24:44+03:30","size":41280,"digest":"38ab34013ba10653660d52a9cf85d53e"},"bootstrap/glyphicons-halflings-regular-41eac767e76e3241f42674b78614369e.woff":{"logical_path":"bootstrap/glyphicons-halflings-regular.woff","mtime":"2014-03-08T11:24:44+03:30","size":23320,"digest":"41eac767e76e3241f42674b78614369e"}},"assets":{"application.js":"application-dc59495133c2e32e9efa628971497194.js","application.css":"application-2098866c3bdd08c16968dd04784349b0.css","bootstrap/glyphicons-halflings-regular.eot":"bootstrap/glyphicons-halflings-regular-147f3f6e098736e89ffab2c15cfbef06.eot","bootstrap/glyphicons-halflings-regular.svg":"bootstrap/glyphicons-halflings-regular-777bc40741c377d9f064d1ed31041f79.svg","bootstrap/glyphicons-halflings-regular.ttf":"bootstrap/glyphicons-halflings-regular-38ab34013ba10653660d52a9cf85d53e.ttf","bootstrap/glyphicons-halflings-regular.woff":"bootstrap/glyphicons-halflings-regular-41eac767e76e3241f42674b78614369e.woff"}}